#SampleID	barcode	             LinkerPrimerSequence	ReversePrimer	Cage	MiceName	SamplingDate	AgeMonths	Death	DeathDate	DeathAgeMonths
14-0_5-20	CAGTCCCTGCAC	TATGGTAATTGTGTGCCAGCMGCCGCGGTAA	ATTAGAWACCCBDGTAGTCCGGCTGACTGACT	Agf14	14-0	20-May	4_months	no	na	na
14-1_5-20	GCCCTTCCCGTG	TATGGTAATTGTGTGCCAGCMGCCGCGGTAA	ATTAGAWACCCBDGTAGTCCGGCTGACTGACT	Agf14	14-1	20-May	4_months	yes	05_21_b	17
14-2_5-20	CAGACCGGACGA	TATGGTAATTGTGTGCCAGCMGCCGCGGTAA	ATTAGAWACCCBDGTAGTCCGGCTGACTGACT	Agf14	14-2	20-May	4_months	no	na	na
15-1_5-20	TGAGTGGTCTGT	TATGGTAATTGTGTGCCAGCMGCCGCGGTAA	ATTAGAWACCCBDGTAGTCCGGCTGACTGACT	Agf15	15-1	20-May	4_months	no	na	na
18-1_5-20	GCTAGTTATGGA	TATGGTAATTGTGTGCCAGCMGCCGCGGTAA	ATTAGAWACCCBDGTAGTCCGGCTGACTGACT	Agf18	18-1	20-May	4_months	no	na	na
18-2_5-20	CTGAGGCCCTTC	TATGGTAATTGTGTGCCAGCMGCCGCGGTAA	ATTAGAWACCCBDGTAGTCCGGCTGACTGACT	Agf18	18-2	20-May	4_months	no	na	na
20-0_5-20	CCTGCACCTGCA	TATGGTAATTGTGTGCCAGCMGCCGCGGTAA	ATTAGAWACCCBDGTAGTCCGGCTGACTGACT	Agf20	20-0	20-May	4_months	no	na	na
20-1_5-20	TCCACAGGGTTC	TATGGTAATTGTGTGCCAGCMGCCGCGGTAA	ATTAGAWACCCBDGTAGTCCGGCTGACTGACT	Agf20	20-1	20-May	4_months	yes	01_20	12
21-1_5-20	GGCTCGTCGGAG	TATGGTAATTGTGTGCCAGCMGCCGCGGTAA	ATTAGAWACCCBDGTAGTCCGGCTGACTGACT	Agf21	21-1	20-May	4_months	yes	04_21	15
21-2_5-20	GCGCTTAGAATA	TATGGTAATTGTGTGCCAGCMGCCGCGGTAA	ATTAGAWACCCBDGTAGTCCGGCTGACTGACT	Agf21	21-2	20-May	4_months	no	na	na
22-0_5-20	TATTCTACATGA	TATGGTAATTGTGTGCCAGCMGCCGCGGTAA	ATTAGAWACCCBDGTAGTCCGGCTGACTGACT	Agf22	22-0	20-May	4_months	no	na	na
22-1_5-20	GTCATTGGGCTA	TATGGTAATTGTGTGCCAGCMGCCGCGGTAA	ATTAGAWACCCBDGTAGTCCGGCTGACTGACT	Agf22	22-1	20-May	4_months	no	na	na
23-0_5-20	CCTAAGAGCATC	TATGGTAATTGTGTGCCAGCMGCCGCGGTAA	ATTAGAWACCCBDGTAGTCCGGCTGACTGACT	Agf23	23-0	20-May	4_months	no	na	na
23-1_5-20	GAATCTGACAAC	TATGGTAATTGTGTGCCAGCMGCCGCGGTAA	ATTAGAWACCCBDGTAGTCCGGCTGACTGACT	Agf23	23-1	20-May	4_months	no	na	na
23-2_5-20	CAAAGGAGCCCG	TATGGTAATTGTGTGCCAGCMGCCGCGGTAA	ATTAGAWACCCBDGTAGTCCGGCTGACTGACT	Agf23	23-2	20-May	4_months	no	na	na
24-0_5-20	GCATTACTGGAC	TATGGTAATTGTGTGCCAGCMGCCGCGGTAA	ATTAGAWACCCBDGTAGTCCGGCTGACTGACT	Agf24	24-0	20-May	4_months	yes	05_21_b	17
24-1_5-20	CTGTCTATACTA	TATGGTAATTGTGTGCCAGCMGCCGCGGTAA	ATTAGAWACCCBDGTAGTCCGGCTGACTGACT	Agf24	24-1	20-May	4_months	no	na	na
24-2_5-20	TCCGACCCGATC	TATGGTAATTGTGTGCCAGCMGCCGCGGTAA	ATTAGAWACCCBDGTAGTCCGGCTGACTGACT	Agf24	24-2	20-May	4_months	yes	05_21_b	17
25-0_5-20	ACACACCCTGAC	TATGGTAATTGTGTGCCAGCMGCCGCGGTAA	ATTAGAWACCCBDGTAGTCCGGCTGACTGACT	Agf25	25-0	20-May	4_months	no	na	na
27-0_5-20	GGTAGTTCATAG	TATGGTAATTGTGTGCCAGCMGCCGCGGTAA	ATTAGAWACCCBDGTAGTCCGGCTGACTGACT	Agf27	27-0	20-May	4_months	no	na	na
28-0_5-20	TTAAGTTAAGTT	TATGGTAATTGTGTGCCAGCMGCCGCGGTAA	ATTAGAWACCCBDGTAGTCCGGCTGACTGACT	Agf28	28-0	20-May	4_months	no	na	na
29-0_5-20	CCGGCCGCGTGC	TATGGTAATTGTGTGCCAGCMGCCGCGGTAA	ATTAGAWACCCBDGTAGTCCGGCTGACTGACT	Agf29	29-0	20-May	4_months	no	na	na
29-1_5-20	CTACAGGGTCTC	TATGGTAATTGTGTGCCAGCMGCCGCGGTAA	ATTAGAWACCCBDGTAGTCCGGCTGACTGACT	Agf29	29-1	20-May	4_months	no	na	na
29-2_5-20	ATCAAGATACGC	TATGGTAATTGTGTGCCAGCMGCCGCGGTAA	ATTAGAWACCCBDGTAGTCCGGCTGACTGACT	Agf29	29-2	20-May	4_months	yes	05_21_a	15
30-0_5-20	CATAAGGGAGGC	TATGGTAATTGTGTGCCAGCMGCCGCGGTAA	ATTAGAWACCCBDGTAGTCCGGCTGACTGACT	Agf30	30-0	20-May	2_months	yes	05_21_b	15
30-1_5-20	TTAATGGATCGG	TATGGTAATTGTGTGCCAGCMGCCGCGGTAA	ATTAGAWACCCBDGTAGTCCGGCTGACTGACT	Agf30	30-1	20-May	2_months	no	na	na
30-1_7-20	TCTTGCGGAGTC	TATGGTAATTGTGTGCCAGCMGCCGCGGTAA	ATTAGAWACCCBDGTAGTCCGGCTGACTGACT	Agf30	30-1	20-Jul	4_months	no	na	na
30-2_7-20	GCCTAGCCCAAT	TATGGTAATTGTGTGCCAGCMGCCGCGGTAA	ATTAGAWACCCBDGTAGTCCGGCTGACTGACT	Agf30	30-2	20-Jul	4_months	yes	05_21_b	15
31-1_5-20	GCTGAGCCTTTG	TATGGTAATTGTGTGCCAGCMGCCGCGGTAA	ATTAGAWACCCBDGTAGTCCGGCTGACTGACT	Agf31	31-1	20-May	2_months	yes	05_21_a	14
31-2_5-20	GCAACGAACGAG	TATGGTAATTGTGTGCCAGCMGCCGCGGTAA	ATTAGAWACCCBDGTAGTCCGGCTGACTGACT	Agf31	31-2	20-May	2_months	no	na	na
31-2_7-20	AACTTTCAGGAG	TATGGTAATTGTGTGCCAGCMGCCGCGGTAA	ATTAGAWACCCBDGTAGTCCGGCTGACTGACT	Agf31	31-2	20-Jul	4_months	no	na	na
32-0_5-20	CTTATAGAGAAG	TATGGTAATTGTGTGCCAGCMGCCGCGGTAA	ATTAGAWACCCBDGTAGTCCGGCTGACTGACT	Agf32	32-0	20-May	2_months	no	na	na
32-0_7-20	CGGGACACCCGA	TATGGTAATTGTGTGCCAGCMGCCGCGGTAA	ATTAGAWACCCBDGTAGTCCGGCTGACTGACT	Agf32	32-0	20-Jul	4_months	no	na	na
32-1_7-20	AATCTTGCGCCG	TATGGTAATTGTGTGCCAGCMGCCGCGGTAA	ATTAGAWACCCBDGTAGTCCGGCTGACTGACT	Agf32	32-1	20-Jul	4_months	no	na	na
32-2_5-20	ACTGTTTACTGT	TATGGTAATTGTGTGCCAGCMGCCGCGGTAA	ATTAGAWACCCBDGTAGTCCGGCTGACTGACT	Agf32	32-2	20-May	2_months	no	na	na
33-0_5-20	CTTGGAGGCTTA	TATGGTAATTGTGTGCCAGCMGCCGCGGTAA	ATTAGAWACCCBDGTAGTCCGGCTGACTGACT	Agf33	33-0	20-May	2_months	no	na	na
33-0_7-20	TCATGGCCTCCG	TATGGTAATTGTGTGCCAGCMGCCGCGGTAA	ATTAGAWACCCBDGTAGTCCGGCTGACTGACT	Agf33	33-0	20-Jul	4_months	no	na	na
33-1_7-20	CAGTCTAGTACG	TATGGTAATTGTGTGCCAGCMGCCGCGGTAA	ATTAGAWACCCBDGTAGTCCGGCTGACTGACT	Agf33	33-1	20-Jul	4_months	yes	07_21	17
34-0_5-20	TCCATACCGGAA	TATGGTAATTGTGTGCCAGCMGCCGCGGTAA	ATTAGAWACCCBDGTAGTCCGGCTGACTGACT	Agf34	34-0	20-May	2_months	yes	05_21_a	13
34-0_7-20	CTGCGGATATAC	TATGGTAATTGTGTGCCAGCMGCCGCGGTAA	ATTAGAWACCCBDGTAGTCCGGCTGACTGACT	Agf34	34-0	20-Jul	4_months	yes	05_21_a	13
34-1_7-20	TATCATATTACG	TATGGTAATTGTGTGCCAGCMGCCGCGGTAA	ATTAGAWACCCBDGTAGTCCGGCTGACTGACT	Agf34	34-1	20-Jul	4_months	no	na	na
35-0_7-20	TCAGTCAGATGA	TATGGTAATTGTGTGCCAGCMGCCGCGGTAA	ATTAGAWACCCBDGTAGTCCGGCTGACTGACT	Agf35	35-0	20-Jul	4_months	no	na	na
35-1_5-20	TGACGAGGGCTG	TATGGTAATTGTGTGCCAGCMGCCGCGGTAA	ATTAGAWACCCBDGTAGTCCGGCTGACTGACT	Agf35	35-1	20-May	2_months	no	na	na
35-2_7-20	GGACAAGTGCGA	TATGGTAATTGTGTGCCAGCMGCCGCGGTAA	ATTAGAWACCCBDGTAGTCCGGCTGACTGACT	Agf35	35-2	20-Jul	4_months	yes	03_21	12
36-2_7-20	CCACAACGATCA	TATGGTAATTGTGTGCCAGCMGCCGCGGTAA	ATTAGAWACCCBDGTAGTCCGGCTGACTGACT	Agf36	36-2	20-Jul	4_months	yes	07_21	17
37-0_7-20	TAATCTCGCCGG	TATGGTAATTGTGTGCCAGCMGCCGCGGTAA	ATTAGAWACCCBDGTAGTCCGGCTGACTGACT	Agf37	37-0	20-Jul	4_months	yes	01_21	10
37-1_7-20	TACTAACGCGGT	TATGGTAATTGTGTGCCAGCMGCCGCGGTAA	ATTAGAWACCCBDGTAGTCCGGCTGACTGACT	Agf37	37-1	20-Jul	4_months	no	na	na
37-2_7-20	GTTGACCATCGC	TATGGTAATTGTGTGCCAGCMGCCGCGGTAA	ATTAGAWACCCBDGTAGTCCGGCTGACTGACT	Agf37	37-2	20-Jul	4_months	yes	05_21_a	13
38-2_5-20	AGATTCGCTCGA	TATGGTAATTGTGTGCCAGCMGCCGCGGTAA	ATTAGAWACCCBDGTAGTCCGGCTGACTGACT	Agf38	38-2	20-May	2_months	no	na	na
38-2_7-20	AGTTGTAGTCCG	TATGGTAATTGTGTGCCAGCMGCCGCGGTAA	ATTAGAWACCCBDGTAGTCCGGCTGACTGACT	Agf38	38-2	20-Jul	4_months	no	na	na
39-0_7-20	AATGTTCAACTT	TATGGTAATTGTGTGCCAGCMGCCGCGGTAA	ATTAGAWACCCBDGTAGTCCGGCTGACTGACT	Agf39	39-0	20-Jul	4_months	no	na	na
40-0_5-20	GTACGTCACTGA	TATGGTAATTGTGTGCCAGCMGCCGCGGTAA	ATTAGAWACCCBDGTAGTCCGGCTGACTGACT	Agf40	40-0	20-May	2_months	yes	05_21_b	15
40-1_5-20	GTCCTACACAGC	TATGGTAATTGTGTGCCAGCMGCCGCGGTAA	ATTAGAWACCCBDGTAGTCCGGCTGACTGACT	Agf40	40-1	20-May	2_months	no	na	na
40-2_5-20	AGCACCGGTCTT	TATGGTAATTGTGTGCCAGCMGCCGCGGTAA	ATTAGAWACCCBDGTAGTCCGGCTGACTGACT	Agf40	40-2	20-May	2_months	no	na	na
40-2_7-20	GCATCGTCTGGT	TATGGTAATTGTGTGCCAGCMGCCGCGGTAA	ATTAGAWACCCBDGTAGTCCGGCTGACTGACT	Agf40	40-2	20-Jul	4_months	no	na	na
41-0_5-20	CCGCGTCTCAAC	TATGGTAATTGTGTGCCAGCMGCCGCGGTAA	ATTAGAWACCCBDGTAGTCCGGCTGACTGACT	Agf41	41-0	20-May	2_months	no	na	na
41-0_7-20	CCACTCTCTCTA	TATGGTAATTGTGTGCCAGCMGCCGCGGTAA	ATTAGAWACCCBDGTAGTCCGGCTGACTGACT	Agf41	41-0	20-Jul	4_months	no	na	na
41-1_5-20	TCACTGCTAGGA	TATGGTAATTGTGTGCCAGCMGCCGCGGTAA	ATTAGAWACCCBDGTAGTCCGGCTGACTGACT	Agf41	41-1	20-May	2_months	yes	06_21	16
41-1_7-20	AGTCTTAAAGGA	TATGGTAATTGTGTGCCAGCMGCCGCGGTAA	ATTAGAWACCCBDGTAGTCCGGCTGACTGACT	Agf41	41-1	20-Jul	4_months	yes	06_21	16
42-1_5-20	TGGACTCAGCTA	TATGGTAATTGTGTGCCAGCMGCCGCGGTAA	ATTAGAWACCCBDGTAGTCCGGCTGACTGACT	Agf42	42-1	20-May	2_months	no	na	na
42-1_7-20	GTGCGAGGACAA	TATGGTAATTGTGTGCCAGCMGCCGCGGTAA	ATTAGAWACCCBDGTAGTCCGGCTGACTGACT	Agf42	42-1	20-Jul	4_months	no	na	na
43-0_5-20	CACGCTATTGGA	TATGGTAATTGTGTGCCAGCMGCCGCGGTAA	ATTAGAWACCCBDGTAGTCCGGCTGACTGACT	Agf43	43-0	20-May	2_months	no	na	na
43-0_7-20	AGACACCAATGT	TATGGTAATTGTGTGCCAGCMGCCGCGGTAA	ATTAGAWACCCBDGTAGTCCGGCTGACTGACT	Agf43	43-0	20-Jul	4_months	no	na	na
43-1_7-20	CGGATCTAGTGT	TATGGTAATTGTGTGCCAGCMGCCGCGGTAA	ATTAGAWACCCBDGTAGTCCGGCTGACTGACT	Agf43	43-1	20-Jul	4_months	no	na	na
44-0_5-20	GAACCGTGCAGG	TATGGTAATTGTGTGCCAGCMGCCGCGGTAA	ATTAGAWACCCBDGTAGTCCGGCTGACTGACT	Agf44	44-0	20-May	2_months	no	na	na
44-1_7-20	GTAAACGACTTG	TATGGTAATTGTGTGCCAGCMGCCGCGGTAA	ATTAGAWACCCBDGTAGTCCGGCTGACTGACT	Agf44	44-1	20-Jul	4_months	no	na	na
45-0_5-20	ACCCAAGCGTTA	TATGGTAATTGTGTGCCAGCMGCCGCGGTAA	ATTAGAWACCCBDGTAGTCCGGCTGACTGACT	Agf45	45-0	20-May	2_months	yes	03_21	12
45-0_7-20	CTCACCTAGGAA	TATGGTAATTGTGTGCCAGCMGCCGCGGTAA	ATTAGAWACCCBDGTAGTCCGGCTGACTGACT	Agf45	45-0	20-Jul	4_months	yes	03_21	12
45-2_7-20	GCATTCGGCGTT	TATGGTAATTGTGTGCCAGCMGCCGCGGTAA	ATTAGAWACCCBDGTAGTCCGGCTGACTGACT	Agf45	45-2	20-Jul	4_months	no	na	na
46-0_5-20	CTGATGTACACG	TATGGTAATTGTGTGCCAGCMGCCGCGGTAA	ATTAGAWACCCBDGTAGTCCGGCTGACTGACT	Agf46	46-0	20-May	2_months	no	na	na
46-0_7-20	AATGGTTCAGCA	TATGGTAATTGTGTGCCAGCMGCCGCGGTAA	ATTAGAWACCCBDGTAGTCCGGCTGACTGACT	Agf46	46-0	20-Jul	4_months	no	na	na
47-1_7-20	TGACTGCGTTAG	TATGGTAATTGTGTGCCAGCMGCCGCGGTAA	ATTAGAWACCCBDGTAGTCCGGCTGACTGACT	Agf47	47-1	20-Jul	4_months	yes	05_21_a	13