ID,Z_0,Z_1,Z_2,Z_3,Z_4,Z_5,Z_6,Z_7,Z_8,Z_9,barcode,             LinkerPrimerSequence,ReversePrimer,Cage,MiceName,SamplingDate,AgeMonths,Death,DeathDate,DeathAgeMonths
29-1_5-20,-0.057334267,0.18460648,-0.25304613,-0.029144317,-0.068316534,-0.026825689,-0.05495611,-0.040637553,0.006699957,-0.19688818,CTACAGGGTCTC,TATGGTAATTGTGTGCCAGCMGCCGCGGTAA,ATTAGAWACCCBDGTAGTCCGGCTGACTGACT,Agf29,29-1,20-May,4_months,no,na,na
41-0_7-20,-0.16601278,0.14888845,-0.038013652,-0.093809925,-0.10263326,-0.17170537,-0.018083042,-0.19827347,-0.017485373,0.05656571,CCACTCTCTCTA,TATGGTAATTGTGTGCCAGCMGCCGCGGTAA,ATTAGAWACCCBDGTAGTCCGGCTGACTGACT,Agf41,41-0,20-Jul,4_months,no,na,na
38-2_7-20,-0.15956368,0.34252724,-0.111823745,0.0037472956,-0.28805235,-0.13424964,0.023829445,0.013925374,0.065896735,-0.14052603,AGTTGTAGTCCG,TATGGTAATTGTGTGCCAGCMGCCGCGGTAA,ATTAGAWACCCBDGTAGTCCGGCTGACTGACT,Agf38,38-2,20-Jul,4_months,no,na,na
32-1_7-20,0.12554614,0.18581782,0.07655874,0.31350616,-0.28478855,-0.38499385,0.22243163,-0.18785885,0.20016561,0.03775725,AATCTTGCGCCG,TATGGTAATTGTGTGCCAGCMGCCGCGGTAA,ATTAGAWACCCBDGTAGTCCGGCTGACTGACT,Agf32,32-1,20-Jul,4_months,no,na,na
34-0_7-20,0.08694923,0.3685956,0.039760605,0.2494371,-0.2716747,-0.30130294,0.2205626,-0.025782317,0.2041022,-0.028041227,CTGCGGATATAC,TATGGTAATTGTGTGCCAGCMGCCGCGGTAA,ATTAGAWACCCBDGTAGTCCGGCTGACTGACT,Agf34,34-0,20-Jul,4_months,yes,05_21_a,13
42-1_5-20,0.054435305,0.13406238,0.0471081,0.07795024,0.028790314,-0.13106851,0.1969044,-0.20794867,0.01770538,0.107225515,TGGACTCAGCTA,TATGGTAATTGTGTGCCAGCMGCCGCGGTAA,ATTAGAWACCCBDGTAGTCCGGCTGACTGACT,Agf42,42-1,20-May,2_months,no,na,na
24-1_5-20,-0.050117813,0.32219964,-0.047489338,0.035845995,-0.26441446,-0.05203215,0.117129415,0.021455452,0.10920228,-0.07794314,CTGTCTATACTA,TATGGTAATTGTGTGCCAGCMGCCGCGGTAA,ATTAGAWACCCBDGTAGTCCGGCTGACTGACT,Agf24,24-1,20-May,4_months,no,na,na
33-0_5-20,-0.08095646,0.14582448,-0.098022155,-0.071697764,-0.18525407,-0.013338238,0.069027,-0.0257684,0.01016555,-0.125011,CTTGGAGGCTTA,TATGGTAATTGTGTGCCAGCMGCCGCGGTAA,ATTAGAWACCCBDGTAGTCCGGCTGACTGACT,Agf33,33-0,20-May,2_months,no,na,na
36-2_7-20,-0.087277606,0.07556228,0.14040188,0.03583645,-0.29521737,-0.11650965,0.26567644,-0.23694119,-0.078192964,0.03258773,CCACAACGATCA,TATGGTAATTGTGTGCCAGCMGCCGCGGTAA,ATTAGAWACCCBDGTAGTCCGGCTGACTGACT,Agf36,36-2,20-Jul,4_months,yes,07_21,17
46-0_5-20,0.0034218002,0.07055099,-0.0828272,-0.008898128,-0.069684364,0.025671214,0.009191264,-0.19042218,-0.1752454,-0.04602973,CTGATGTACACG,TATGGTAATTGTGTGCCAGCMGCCGCGGTAA,ATTAGAWACCCBDGTAGTCCGGCTGACTGACT,Agf46,46-0,20-May,2_months,no,na,na
20-1_5-20,-0.012514666,0.1485164,0.003231272,0.32108894,-0.26890224,-0.25956583,0.20063648,-0.11760101,0.02998814,-0.06040197,TCCACAGGGTTC,TATGGTAATTGTGTGCCAGCMGCCGCGGTAA,ATTAGAWACCCBDGTAGTCCGGCTGACTGACT,Agf20,20-1,20-May,4_months,yes,01_20,12
41-0_5-20,-0.25438124,0.27740663,-0.13938516,-0.09236201,-0.13198318,-0.15765604,-0.15933579,-0.11196862,-0.059397977,0.015243273,CCGCGTCTCAAC,TATGGTAATTGTGTGCCAGCMGCCGCGGTAA,ATTAGAWACCCBDGTAGTCCGGCTGACTGACT,Agf41,41-0,20-May,2_months,no,na,na
35-1_5-20,0.11623207,0.17526093,0.062485993,0.013274299,-0.08836745,-0.19701529,0.27503714,-0.19928384,0.23835938,0.015483565,TGACGAGGGCTG,TATGGTAATTGTGTGCCAGCMGCCGCGGTAA,ATTAGAWACCCBDGTAGTCCGGCTGACTGACT,Agf35,35-1,20-May,2_months,no,na,na
31-2_7-20,0.08283655,0.2081507,0.017313734,0.17000955,-0.22594021,-0.3042637,0.09809553,-0.11371259,0.14473438,-0.046941586,AACTTTCAGGAG,TATGGTAATTGTGTGCCAGCMGCCGCGGTAA,ATTAGAWACCCBDGTAGTCCGGCTGACTGACT,Agf31,31-2,20-Jul,4_months,no,na,na
37-1_7-20,-0.022379419,0.17918654,0.1588078,-0.03247135,-0.31286824,-0.19818103,0.19924474,-0.052641615,0.11031747,0.09479089,TACTAACGCGGT,TATGGTAATTGTGTGCCAGCMGCCGCGGTAA,ATTAGAWACCCBDGTAGTCCGGCTGACTGACT,Agf37,37-1,20-Jul,4_months,no,na,na
47-1_7-20,0.053893134,0.013434738,0.07721378,0.23593444,-0.2545445,-0.2573025,0.10517336,-0.21374877,-0.13432111,0.060914263,TGACTGCGTTAG,TATGGTAATTGTGTGCCAGCMGCCGCGGTAA,ATTAGAWACCCBDGTAGTCCGGCTGACTGACT,Agf47,47-1,20-Jul,4_months,yes,05_21_a,13
27-0_5-20,-0.23123129,0.26626348,-0.30905676,-0.10480971,-0.13593918,-0.047023907,-0.19092728,-0.044114813,-0.082299784,-0.11973735,GGTAGTTCATAG,TATGGTAATTGTGTGCCAGCMGCCGCGGTAA,ATTAGAWACCCBDGTAGTCCGGCTGACTGACT,Agf27,27-0,20-May,4_months,no,na,na
41-1_7-20,-0.0552174,0.19672401,-0.042857796,-0.05957727,-0.16028285,-0.12735036,0.060250927,-0.076821625,0.11276437,-0.02366002,AGTCTTAAAGGA,TATGGTAATTGTGTGCCAGCMGCCGCGGTAA,ATTAGAWACCCBDGTAGTCCGGCTGACTGACT,Agf41,41-1,20-Jul,4_months,yes,06_21,16
30-1_5-20,0.13032512,0.096468985,-0.11257909,0.25388727,-0.12840147,-0.08819173,0.2049042,0.026350409,0.1252736,-0.20060727,TTAATGGATCGG,TATGGTAATTGTGTGCCAGCMGCCGCGGTAA,ATTAGAWACCCBDGTAGTCCGGCTGACTGACT,Agf30,30-1,20-May,2_months,no,na,na
34-1_7-20,0.011762744,0.09051496,0.097211435,0.06439348,-0.2158961,-0.19262666,0.268348,-0.23619416,0.1757241,0.08945925,TATCATATTACG,TATGGTAATTGTGTGCCAGCMGCCGCGGTAA,ATTAGAWACCCBDGTAGTCCGGCTGACTGACT,Agf34,34-1,20-Jul,4_months,no,na,na
23-1_5-20,-0.015151544,0.082756445,-0.0045457184,0.064687,-0.26846632,-0.13408913,-0.009595219,-0.09976564,-0.24073829,0.022715732,GAATCTGACAAC,TATGGTAATTGTGTGCCAGCMGCCGCGGTAA,ATTAGAWACCCBDGTAGTCCGGCTGACTGACT,Agf23,23-1,20-May,4_months,no,na,na
44-0_5-20,-0.0012285393,0.17999423,0.0028837472,0.14097945,-0.1592327,-0.24443293,0.14492291,-0.15831597,0.06884949,0.02632905,GAACCGTGCAGG,TATGGTAATTGTGTGCCAGCMGCCGCGGTAA,ATTAGAWACCCBDGTAGTCCGGCTGACTGACT,Agf44,44-0,20-May,2_months,no,na,na
15-1_5-20,-0.073377155,0.15762453,0.007487178,0.028719328,-0.33104742,-0.07234884,0.09583096,-0.14632212,-0.052352995,-0.03572262,TGAGTGGTCTGT,TATGGTAATTGTGTGCCAGCMGCCGCGGTAA,ATTAGAWACCCBDGTAGTCCGGCTGACTGACT,Agf15,15-1,20-May,4_months,no,na,na
24-2_5-20,0.14476107,0.20758042,-0.0051850528,0.19256842,-0.06516482,0.0038949177,0.30135566,-0.0048449934,0.055880815,-0.12482277,TCCGACCCGATC,TATGGTAATTGTGTGCCAGCMGCCGCGGTAA,ATTAGAWACCCBDGTAGTCCGGCTGACTGACT,Agf24,24-2,20-May,4_months,yes,05_21_b,17
34-0_5-20,0.13476057,0.24031353,-0.0051505864,-0.108054586,-0.082546934,-0.110281,0.27748838,-0.06410743,0.3778615,-0.04571291,TCCATACCGGAA,TATGGTAATTGTGTGCCAGCMGCCGCGGTAA,ATTAGAWACCCBDGTAGTCCGGCTGACTGACT,Agf34,34-0,20-May,2_months,yes,05_21_a,13
21-1_5-20,-0.084943704,0.11312711,0.06880519,-0.023818597,-0.22619238,-0.066569395,0.17015532,-0.17290273,-0.0040164217,0.045690738,GGCTCGTCGGAG,TATGGTAATTGTGTGCCAGCMGCCGCGGTAA,ATTAGAWACCCBDGTAGTCCGGCTGACTGACT,Agf21,21-1,20-May,4_months,yes,04_21,15
41-1_5-20,-0.15561734,0.17086095,-0.23649934,-0.22641069,-0.11254556,0.0057759285,-0.11636962,-0.042513654,0.065844715,-0.11397699,TCACTGCTAGGA,TATGGTAATTGTGTGCCAGCMGCCGCGGTAA,ATTAGAWACCCBDGTAGTCCGGCTGACTGACT,Agf41,41-1,20-May,2_months,yes,06_21,16
20-0_5-20,0.16364786,0.13603169,0.1131735,0.1956191,-0.08124202,-0.25857553,0.32816678,-0.2278614,0.16660626,0.11281817,CCTGCACCTGCA,TATGGTAATTGTGTGCCAGCMGCCGCGGTAA,ATTAGAWACCCBDGTAGTCCGGCTGACTGACT,Agf20,20-0,20-May,4_months,no,na,na
33-0_7-20,-0.044098876,0.22559398,-0.025157347,0.073921144,-0.09056461,-0.23252565,0.1109026,-0.022458449,0.13518634,-0.033703245,TCATGGCCTCCG,TATGGTAATTGTGTGCCAGCMGCCGCGGTAA,ATTAGAWACCCBDGTAGTCCGGCTGACTGACT,Agf33,33-0,20-Jul,4_months,no,na,na
45-0_5-20,0.032586336,0.07120237,0.16456832,0.21465492,-0.24336682,-0.098183565,0.2834803,-0.2207485,-0.1185827,0.04925429,ACCCAAGCGTTA,TATGGTAATTGTGTGCCAGCMGCCGCGGTAA,ATTAGAWACCCBDGTAGTCCGGCTGACTGACT,Agf45,45-0,20-May,2_months,yes,03_21,12
40-2_5-20,-0.00049547665,0.10892658,-0.030363753,0.094695866,-0.13149053,-0.12576944,0.10087707,-0.16113557,-0.04839181,-0.020416591,AGCACCGGTCTT,TATGGTAATTGTGTGCCAGCMGCCGCGGTAA,ATTAGAWACCCBDGTAGTCCGGCTGACTGACT,Agf40,40-2,20-May,2_months,no,na,na
46-0_7-20,-0.31618297,0.31790912,-0.24606127,-0.17623642,-0.0034083314,-0.17310359,-0.16310026,0.004809156,0.029643312,-0.08728581,AATGGTTCAGCA,TATGGTAATTGTGTGCCAGCMGCCGCGGTAA,ATTAGAWACCCBDGTAGTCCGGCTGACTGACT,Agf46,46-0,20-Jul,4_months,no,na,na
24-0_5-20,-0.08008163,0.21412322,-0.1080144,0.115107104,-0.24765222,-0.038111527,0.11452534,-0.04345706,0.06605387,-0.11498072,GCATTACTGGAC,TATGGTAATTGTGTGCCAGCMGCCGCGGTAA,ATTAGAWACCCBDGTAGTCCGGCTGACTGACT,Agf24,24-0,20-May,4_months,yes,05_21_b,17
30-2_7-20,-0.007344581,0.090335175,0.064672425,0.29897133,-0.25380397,-0.37415954,0.18219975,-0.24912947,0.055204645,0.07598992,GCCTAGCCCAAT,TATGGTAATTGTGTGCCAGCMGCCGCGGTAA,ATTAGAWACCCBDGTAGTCCGGCTGACTGACT,Agf30,30-2,20-Jul,4_months,yes,05_21_b,15
35-0_7-20,0.0060819257,0.11419134,0.05763334,0.19829988,-0.3042425,-0.14103995,0.23657826,-0.11517916,-0.006851606,-0.022123365,TCAGTCAGATGA,TATGGTAATTGTGTGCCAGCMGCCGCGGTAA,ATTAGAWACCCBDGTAGTCCGGCTGACTGACT,Agf35,35-0,20-Jul,4_months,no,na,na
30-1_7-20,-0.28172415,0.25595278,-0.13833624,-0.14054063,-0.081577115,-0.17311223,-0.08775621,-0.06760637,-0.0002265498,-0.022366587,TCTTGCGGAGTC,TATGGTAATTGTGTGCCAGCMGCCGCGGTAA,ATTAGAWACCCBDGTAGTCCGGCTGACTGACT,Agf30,30-1,20-Jul,4_months,no,na,na
38-2_5-20,-0.15490855,0.1560376,-0.25228214,0.033341464,-0.26690468,-0.07853845,-0.024906492,-0.012111366,-0.00037301332,-0.24805942,AGATTCGCTCGA,TATGGTAATTGTGTGCCAGCMGCCGCGGTAA,ATTAGAWACCCBDGTAGTCCGGCTGACTGACT,Agf38,38-2,20-May,2_months,no,na,na
30-0_5-20,0.044719547,0.04920622,-0.010265842,0.342978,-0.08469506,-0.27423632,0.18550438,-0.16549252,0.029601187,0.022033036,CATAAGGGAGGC,TATGGTAATTGTGTGCCAGCMGCCGCGGTAA,ATTAGAWACCCBDGTAGTCCGGCTGACTGACT,Agf30,30-0,20-May,2_months,yes,05_21_b,15
43-0_5-20,0.097061366,0.12048605,0.102827415,0.14456609,-0.20049097,-0.12677133,0.21377829,-0.23542458,-0.113849185,0.06571968,CACGCTATTGGA,TATGGTAATTGTGTGCCAGCMGCCGCGGTAA,ATTAGAWACCCBDGTAGTCCGGCTGACTGACT,Agf43,43-0,20-May,2_months,no,na,na
44-1_7-20,0.026232028,0.049564995,-0.009408221,0.18604323,-0.13609949,-0.25006226,0.20916684,-0.20011412,0.15208603,0.038400047,GTAAACGACTTG,TATGGTAATTGTGTGCCAGCMGCCGCGGTAA,ATTAGAWACCCBDGTAGTCCGGCTGACTGACT,Agf44,44-1,20-Jul,4_months,no,na,na
22-1_5-20,-0.022255914,0.14969037,-0.048291735,-0.021589715,-0.1557612,0.011354551,0.10631702,-0.09224976,-0.027232654,-0.044753104,GTCATTGGGCTA,TATGGTAATTGTGTGCCAGCMGCCGCGGTAA,ATTAGAWACCCBDGTAGTCCGGCTGACTGACT,Agf22,22-1,20-May,4_months,no,na,na
32-0_7-20,0.0058291946,0.2428484,0.09417634,0.27413508,-0.25766227,-0.27510637,0.15976818,-0.08486689,0.029845938,-0.017137716,CGGGACACCCGA,TATGGTAATTGTGTGCCAGCMGCCGCGGTAA,ATTAGAWACCCBDGTAGTCCGGCTGACTGACT,Agf32,32-0,20-Jul,4_months,no,na,na
45-2_7-20,-0.06902946,0.22013313,-0.0058486313,-0.0036290623,-0.24961144,-0.15022054,0.19249319,-0.038429245,0.21841235,-0.055715382,GCATTCGGCGTT,TATGGTAATTGTGTGCCAGCMGCCGCGGTAA,ATTAGAWACCCBDGTAGTCCGGCTGACTGACT,Agf45,45-2,20-Jul,4_months,no,na,na
43-1_7-20,-0.16618718,0.19058469,-0.31057405,0.12807503,-0.3069825,-0.29899997,-0.15949725,-0.021432996,0.14593624,-0.20123681,CGGATCTAGTGT,TATGGTAATTGTGTGCCAGCMGCCGCGGTAA,ATTAGAWACCCBDGTAGTCCGGCTGACTGACT,Agf43,43-1,20-Jul,4_months,no,na,na
33-1_7-20,0.058672957,0.14434281,-0.015470356,0.14599532,-0.12557517,-0.2953576,0.14064446,-0.11857444,0.22285141,-0.0044830777,CAGTCTAGTACG,TATGGTAATTGTGTGCCAGCMGCCGCGGTAA,ATTAGAWACCCBDGTAGTCCGGCTGACTGACT,Agf33,33-1,20-Jul,4_months,yes,07_21,17
31-2_5-20,0.02984188,0.084156275,0.09003647,0.257131,-0.12807226,-0.2029562,0.24995483,-0.20624036,-0.06582454,0.08225605,GCAACGAACGAG,TATGGTAATTGTGTGCCAGCMGCCGCGGTAA,ATTAGAWACCCBDGTAGTCCGGCTGACTGACT,Agf31,31-2,20-May,2_months,no,na,na
35-2_7-20,0.03232488,0.15320289,-0.06849825,0.2554087,-0.15876734,-0.27991763,0.19056697,-0.056962423,0.20733447,-0.07660042,GGACAAGTGCGA,TATGGTAATTGTGTGCCAGCMGCCGCGGTAA,ATTAGAWACCCBDGTAGTCCGGCTGACTGACT,Agf35,35-2,20-Jul,4_months,yes,03_21,12
45-0_7-20,-0.20717828,0.23386571,-0.18486555,-0.14628237,-0.005105071,-0.21109778,-0.12303559,-0.14617012,0.14320818,-0.030899515,CTCACCTAGGAA,TATGGTAATTGTGTGCCAGCMGCCGCGGTAA,ATTAGAWACCCBDGTAGTCCGGCTGACTGACT,Agf45,45-0,20-Jul,4_months,yes,03_21,12
14-1_5-20,-0.002848575,0.11328348,0.1989925,-0.0691018,-0.21540219,-0.014704712,0.05847009,-0.28013477,-0.26193857,0.13680953,GCCCTTCCCGTG,TATGGTAATTGTGTGCCAGCMGCCGCGGTAA,ATTAGAWACCCBDGTAGTCCGGCTGACTGACT,Agf14,14-1,20-May,4_months,yes,05_21_b,17
40-1_5-20,0.030568847,0.10603297,-0.1051493,0.25537485,-0.27845994,-0.16496758,0.08176802,-0.08546058,-0.030634,-0.1395856,GTCCTACACAGC,TATGGTAATTGTGTGCCAGCMGCCGCGGTAA,ATTAGAWACCCBDGTAGTCCGGCTGACTGACT,Agf40,40-1,20-May,2_months,no,na,na
29-0_5-20,0.03721635,0.070906885,-0.0054984987,0.3036528,-0.22086973,-0.2278009,0.090267055,-0.14010248,-0.097199515,-0.008392246,CCGGCCGCGTGC,TATGGTAATTGTGTGCCAGCMGCCGCGGTAA,ATTAGAWACCCBDGTAGTCCGGCTGACTGACT,Agf29,29-0,20-May,4_months,no,na,na
14-2_5-20,0.011900203,0.20930377,0.06388584,-0.21018305,-0.115367055,-0.12799178,0.05364159,-0.014031962,0.070255235,0.084476285,CAGACCGGACGA,TATGGTAATTGTGTGCCAGCMGCCGCGGTAA,ATTAGAWACCCBDGTAGTCCGGCTGACTGACT,Agf14,14-2,20-May,4_months,no,na,na
29-2_5-20,0.05555328,0.20795658,-0.033926576,-0.035189994,-0.0078897625,-0.16710332,0.060081348,-0.11693971,0.13234979,0.03166289,ATCAAGATACGC,TATGGTAATTGTGTGCCAGCMGCCGCGGTAA,ATTAGAWACCCBDGTAGTCCGGCTGACTGACT,Agf29,29-2,20-May,4_months,yes,05_21_a,15
28-0_5-20,0.06449696,0.06924036,0.046862096,0.16677013,-0.20643209,-0.087510906,0.11191362,-0.19668838,-0.19654828,-0.012509728,TTAAGTTAAGTT,TATGGTAATTGTGTGCCAGCMGCCGCGGTAA,ATTAGAWACCCBDGTAGTCCGGCTGACTGACT,Agf28,28-0,20-May,4_months,no,na,na
42-1_7-20,-0.17962211,0.1650848,-0.18337451,0.19771269,-0.39555293,-0.18145102,-0.07783251,-0.056150056,-0.15134054,-0.2142276,GTGCGAGGACAA,TATGGTAATTGTGTGCCAGCMGCCGCGGTAA,ATTAGAWACCCBDGTAGTCCGGCTGACTGACT,Agf42,42-1,20-Jul,4_months,no,na,na
23-2_5-20,0.09340031,0.053674527,0.09716441,0.13605925,-0.1659653,-0.09944212,0.14359093,-0.2639588,-0.17970541,0.07670382,CAAAGGAGCCCG,TATGGTAATTGTGTGCCAGCMGCCGCGGTAA,ATTAGAWACCCBDGTAGTCCGGCTGACTGACT,Agf23,23-2,20-May,4_months,no,na,na
40-0_5-20,0.114431724,0.085424304,0.1483608,0.24472615,-0.11671005,-0.29260826,0.25637886,-0.26942194,0.06684904,0.14384711,GTACGTCACTGA,TATGGTAATTGTGTGCCAGCMGCCGCGGTAA,ATTAGAWACCCBDGTAGTCCGGCTGACTGACT,Agf40,40-0,20-May,2_months,yes,05_21_b,15
18-1_5-20,-0.15616716,0.28904343,-0.06600715,-0.051306866,-0.13441212,-0.16115361,0.13018313,-0.1819233,0.024018034,-0.05839271,GCTAGTTATGGA,TATGGTAATTGTGTGCCAGCMGCCGCGGTAA,ATTAGAWACCCBDGTAGTCCGGCTGACTGACT,Agf18,18-1,20-May,4_months,no,na,na
43-0_7-20,0.09092414,0.060630277,0.061505586,0.17305028,-0.26273665,-0.1924143,0.15334933,-0.16946164,0.060189486,0.016725753,AGACACCAATGT,TATGGTAATTGTGTGCCAGCMGCCGCGGTAA,ATTAGAWACCCBDGTAGTCCGGCTGACTGACT,Agf43,43-0,20-Jul,4_months,no,na,na
25-0_5-20,-0.08242221,0.25642377,-0.0021170825,0.03674599,-0.1923335,0.008183844,0.14556915,-0.04224147,-0.12536922,-0.07907262,ACACACCCTGAC,TATGGTAATTGTGTGCCAGCMGCCGCGGTAA,ATTAGAWACCCBDGTAGTCCGGCTGACTGACT,Agf25,25-0,20-May,4_months,no,na,na
14-0_5-20,0.02962309,0.09947287,0.17828248,-0.053828344,-0.1335237,-0.09640534,0.15278678,-0.3034657,-0.07351577,0.15961093,CAGTCCCTGCAC,TATGGTAATTGTGTGCCAGCMGCCGCGGTAA,ATTAGAWACCCBDGTAGTCCGGCTGACTGACT,Agf14,14-0,20-May,4_months,no,na,na
31-1_5-20,-0.0064565856,0.11711519,0.028704405,0.14568588,-0.27076864,-0.17356686,0.040448233,-0.24709845,-0.21230847,0.04158614,GCTGAGCCTTTG,TATGGTAATTGTGTGCCAGCMGCCGCGGTAA,ATTAGAWACCCBDGTAGTCCGGCTGACTGACT,Agf31,31-1,20-May,2_months,yes,05_21_a,14
39-0_7-20,-0.08735127,0.1314262,0.13712914,0.12437133,-0.429763,-0.1484142,0.19739778,-0.24242717,-0.057678975,0.054594785,AATGTTCAACTT,TATGGTAATTGTGTGCCAGCMGCCGCGGTAA,ATTAGAWACCCBDGTAGTCCGGCTGACTGACT,Agf39,39-0,20-Jul,4_months,no,na,na
22-0_5-20,-0.13461545,0.25010005,-0.021157756,0.07927781,-0.26959926,-0.1508622,0.11551705,-0.08423056,-0.007120192,-0.07767492,TATTCTACATGA,TATGGTAATTGTGTGCCAGCMGCCGCGGTAA,ATTAGAWACCCBDGTAGTCCGGCTGACTGACT,Agf22,22-0,20-May,4_months,no,na,na
32-2_5-20,0.026545027,0.051284917,0.15291198,0.2023671,-0.3463173,-0.05215749,0.27136058,-0.22524735,-0.1368429,0.045357108,ACTGTTTACTGT,TATGGTAATTGTGTGCCAGCMGCCGCGGTAA,ATTAGAWACCCBDGTAGTCCGGCTGACTGACT,Agf32,32-2,20-May,2_months,no,na,na
23-0_5-20,0.05931489,0.1294886,-0.023922905,0.063065715,-0.15027097,-0.19386087,0.0786666,-0.1600071,0.10168296,-0.0046840888,CCTAAGAGCATC,TATGGTAATTGTGTGCCAGCMGCCGCGGTAA,ATTAGAWACCCBDGTAGTCCGGCTGACTGACT,Agf23,23-0,20-May,4_months,no,na,na
40-2_7-20,0.094443046,0.16017799,0.08227934,0.20175546,-0.046773404,-0.18496162,0.17460878,-0.18672645,-0.06974695,0.10387742,GCATCGTCTGGT,TATGGTAATTGTGTGCCAGCMGCCGCGGTAA,ATTAGAWACCCBDGTAGTCCGGCTGACTGACT,Agf40,40-2,20-Jul,4_months,no,na,na
37-2_7-20,-0.17433392,0.09097686,-0.09150649,0.19346187,-0.2400151,-0.05198562,0.11933999,-0.114416674,-0.24883972,-0.12753774,GTTGACCATCGC,TATGGTAATTGTGTGCCAGCMGCCGCGGTAA,ATTAGAWACCCBDGTAGTCCGGCTGACTGACT,Agf37,37-2,20-Jul,4_months,yes,05_21_a,13
32-0_5-20,-0.05607947,0.12563285,0.046745196,0.058391176,-0.17027979,0.10017329,0.15103401,-0.18122435,-0.36616743,-0.048590712,CTTATAGAGAAG,TATGGTAATTGTGTGCCAGCMGCCGCGGTAA,ATTAGAWACCCBDGTAGTCCGGCTGACTGACT,Agf32,32-0,20-May,2_months,no,na,na
21-2_5-20,-0.11003224,0.29905275,0.009329066,0.022952858,-0.24054302,-0.054585874,0.06915952,-0.060019203,-0.13386193,0.023907911,GCGCTTAGAATA,TATGGTAATTGTGTGCCAGCMGCCGCGGTAA,ATTAGAWACCCBDGTAGTCCGGCTGACTGACT,Agf21,21-2,20-May,4_months,no,na,na
37-0_7-20,-0.007911775,0.25861636,0.039196193,0.20966887,-0.38678733,-0.20138577,0.14429054,-0.10133888,0.025216982,0.0024025259,TAATCTCGCCGG,TATGGTAATTGTGTGCCAGCMGCCGCGGTAA,ATTAGAWACCCBDGTAGTCCGGCTGACTGACT,Agf37,37-0,20-Jul,4_months,yes,01_21,10
18-2_5-20,-0.078176856,0.1811,-0.12630932,-0.088720314,-0.23409596,-0.13099231,0.020582655,-0.07435794,0.012931816,-0.19323778,CTGAGGCCCTTC,TATGGTAATTGTGTGCCAGCMGCCGCGGTAA,ATTAGAWACCCBDGTAGTCCGGCTGACTGACT,Agf18,18-2,20-May,4_months,no,na,na
